<Method id="" name="Interpolation">
    <Description>
        Interpolation: 'nearest', 'bilinear', 'bicubic', 'splines16', 'lanczos'
    </Description>
    <Dependency>
        <Item name="matplotlib" url=""/>
        <Item name="os" url=""/>
        <Item name="sys" url=""/>
    </Dependency>
    <Input count="1">
        <Item name="test.png" type="path" description="original png file"/>
    </Input>
    <Parameter count="0">
    </Parameter>
    <Output count="1">
        <Item name="test_res.png" type="path" description="result, an png file"/>
    </Output>
</Method>