<Method id="" name="RgbToGray">
    <Description>
        Smothing of an image
    </Description>
    <Dependency>
        <Item name="PIL" url=""/>
        <Item name="os" url=""/>
        <Item name="sys" url=""/>
    </Dependency>
    <Input count="1">
        <Item name="test.png" type="path" description="original png or jpg file"/>
    </Input>
    <Parameter count="0">
    </Parameter>
    <Output count="1">
        <Item name="res.png" type="path" description="result, an png or jpg file"/>
    </Output>
</Method>